id_avis,date,source,produit,texte,texte_clean,texte_final,sentiment,note,langue
AV0001,2026-02-27,mobile,Ordinateur NovaBook,"Très  bonne  expérience,  simple  et  efficace.","très bonne expérience, simple et efficace.",très bon expérience simple efficace,positif,4,fr
AV0002,2026-01-09,web,SmartPhone X,Très satisfait de mon achat 👍 #avis,très satisfait de mon achat 👍 avis,très satisfait achat avis,positif,4,fr
AV0003,2026-07-03,réseaux_sociaux,Écouteurs AirSound,"Produit  parfait,  rien  à  signaler.","produit parfait, rien à signaler.",produit parfait rien signaler,positif,4,fr
AV0004,2026-06-28,sav,SmartWatch Pro,"Produit excellent, je suis très satisfait. !!!","produit excellent, je suis très satisfait. !",produit excellent très satisfait,positif,5,fr
AV0005,2026-01-24,sav,SmartPhone X,LA BATTERIE TIENT VRAIMENT BIEN ET L'ÉCRAN EST SUPERBE.,la batterie tient vraiment bien et l'écran est superbe.,batterie tenir vraiment bien superbe,positif,5,fr
AV0006,2026-07-26,web,Ordinateur NovaBook,Très satisfait de mon achat 👍 😊,très satisfait de mon achat 👍 😊,très satisfait achat,positif,5,fr
AV0007,2026-05-22,email,Ordinateur NovaBook,SERVICE CLIENT RÉACTIF ET COMMANDE REÇUE RAPIDEMENT.,service client réactif et commande reçue rapidement.,service client réactif commande reçu rapidement,positif,4,fr
AV0008,2026-06-30,web,SmartPhone X,Très  satisfait  de  mon  achat  👍,très satisfait de mon achat 👍,très satisfait achat,positif,5,fr
AV0009,2026-08-10,web,Écouteurs AirSound,Le  produit  correspond  globalement  à  la  description.,le produit correspond globalement à la description.,produit correspondre globalement description,neutre,3,fr
AV0010,2026-04-01,mobile,Ordinateur NovaBook,@client Livraison rapide et produit conforme à mes attentes.,livraison rapide et produit conforme à mes attentes.,livraison rapide produit conforme attente,positif,5,fr
AV0011,2026-05-17,mobile,SmartPhone Y,Très satisfait de mon achat 👍 !!!,très satisfait de mon achat 👍 !,très satisfait achat,positif,4,fr
AV0013,2026-03-10,web,SmartPhone Y,La batterie tient vraiment bien et l'écran est superbe. #avis,la batterie tient vraiment bien et l'écran est superbe. avis,batterie tenir vraiment bien superbe avis,positif,4,fr
AV0014,2026-06-17,sav,Écouteurs AirSound,"Mauvaise  expérience,  je  ne  recommande  pas.","mauvaise expérience, je ne recommande pas.",mauvais expérience ne recommander pas,negatif,2,fr
AV0015,2026-03-09,mobile,SmartPhone Y,Qualité décevante pour ce prix. !!!,qualité décevante pour ce prix. !,qualité décevant prix,negatif,2,fr
AV0016,2026-08-18,réseaux_sociaux,Écouteurs AirSound,Produit correct pour son prix. #avis,produit correct pour son prix. avis,produit correct prix avis,neutre,4,fr
AV0017,2026-01-24,web,SmartPhone X,"Produit parfait, rien à signaler. https://example.com/commande/17","produit parfait, rien à signaler.",produit parfait rien signaler,positif,5,fr
AV0019,2026-08-09,web,Ordinateur NovaBook,Le produit ne fonctionne déjà plus.,le produit ne fonctionne déjà plus.,produit ne fonctionner déjà plus,negatif,2,fr
AV0020,2026-07-16,email,SmartPhone X,"Je viens de recevoir le produit, à voir dans le temps. 😊","je viens de recevoir le produit, à voir dans le temps. 😊",venir recevoir produit voir temps,neutre,4,fr
AV0021,2026-07-04,email,Tablette TabPlus,Excellent rapport qualité-prix.,excellent rapport qualité-prix.,excellent rapport,positif,5,fr
AV0022,2026-08-04,réseaux_sociaux,Tablette TabPlus,Le produit correspond globalement à la description. 😊,le produit correspond globalement à la description. 😊,produit correspondre globalement description,neutre,4,fr
AV0023,2026-07-19,réseaux_sociaux,SmartPhone X,Livraison rapide et produit conforme à mes attentes.,livraison rapide et produit conforme à mes attentes.,livraison rapide produit conforme attente,positif,5,fr
AV0024,2026-08-26,email,SmartWatch Pro,"PRODUIT EXCELLENT, JE SUIS TRÈS SATISFAIT.","produit excellent, je suis très satisfait.",produit excellent très satisfait,positif,5,fr
AV0025,2026-01-22,sav,SmartPhone X,TRÈS SATISFAIT DE MON ACHAT 👍,très satisfait de mon achat 👍,très satisfait achat,positif,5,fr
AV0026,2026-06-18,sav,Tablette TabPlus,"Produit reçu endommagé, je suis mécontent. !!!","produit reçu endommagé, je suis mécontent. !",produit recevoir endommagé mécontent,negatif,2,fr
AV0027,2026-07-13,mobile,Ordinateur NovaBook,"Je recommande vivement, tout fonctionne parfaitement.","je recommande vivement, tout fonctionne parfaitement.",recommander vivement tout fonctionner parfaitement,positif,5,fr
AV0029,2026-02-28,réseaux_sociaux,SmartPhone Y,"Produit excellent, je suis trèèès satisfait.","produit excellent, je suis trèèès satisfait.",produit excellent trèèès satisfait,positif,5,fr
AV0030,2026-08-20,web,SmartWatch Pro,"JE RECOMMANDE VIVEMENT, TOUT FONCTIONNE PARFAITEMENT.","je recommande vivement, tout fonctionne parfaitement.",recommander vivement tout fonctionner parfaitement,positif,4,fr
AV0031,2026-02-24,réseaux_sociaux,SmartPhone Y,"Très bonne expérience, simple et efficace. https://example.com/commande/31","très bonne expérience, simple et efficace.",très bon expérience simple efficace,positif,5,fr
AV0032,2026-03-04,sav,Écouteurs AirSound,"Je viens de recevoir le produit, à voir dans le temps. https://example.com/commande/32","je viens de recevoir le produit, à voir dans le temps.",venir recevoir produit voir temps,neutre,4,fr
AV0033,2026-04-19,sav,Écouteurs AirSound,@client Service client réactif et commande reçue rapidement.,service client réactif et commande reçue rapidement.,service client réactif commande reçu rapidement,positif,4,fr
AV0034,2026-04-14,email,SmartPhone X,La batterie se décharge beaucoup trop vite.,la batterie se décharge beaucoup trop vite.,batterie décharge beaucoup trop vite,negatif,1,fr
AV0035,2026-02-05,sav,SmartPhone Y,"Produit parfait, rien à signaler. https://example.com/commande/35","produit parfait, rien à signaler.",produit parfait rien signaler,positif,5,fr
AV0036,2026-07-26,réseaux_sociaux,SmartPhone X,"Très bon produit, la qualité est au rendez-vous. https://example.com/commande/36","très bon produit, la qualité est au rendez-vous.",très bon produit qualité,positif,5,fr
AV0037,2026-02-12,sav,Écouteurs AirSound,"Très  bon  produit,  la  qualité  est  au  rendez-vous.","très bon produit, la qualité est au rendez-vous.",très bon produit qualité,positif,4,fr
AV0039,2026-06-28,réseaux_sociaux,Ordinateur NovaBook,"Très bonne expérience, simple et efficace. #avis","très bonne expérience, simple et efficace. avis",très bon expérience simple efficace avis,positif,5,fr
AV0040,2026-02-25,web,Tablette TabPlus,La livraison s'est déroulée normalement. 😊,la livraison s'est déroulée normalement. 😊,livraison dérouler normalement,neutre,3,fr
AV0041,2026-01-15,web,Tablette TabPlus,@client La qualité est correcte sans être exceptionnelle.,la qualité est correcte sans être exceptionnelle.,qualité correct sans être exceptionnel,neutre,3,fr
AV0045,2026-03-03,email,Écouteurs AirSound,"@client Je recommande vivement, tout fonctionne parfaitement.","je recommande vivement, tout fonctionne parfaitement.",recommander vivement tout fonctionner parfaitement,positif,5,fr
AV0046,2026-08-26,web,SmartPhone X,@client Excellent rapport qualité-prix.,excellent rapport qualité-prix.,excellent rapport,positif,5,fr
AV0049,2026-01-03,réseaux_sociaux,SmartWatch Pro,Très satisfait de mon achat 👍,très satisfait de mon achat 👍,très satisfait achat,positif,5,fr
AV0050,2026-01-30,web,Ordinateur NovaBook,"Produit reçu endommagé, je suis mécontent. 😊","produit reçu endommagé, je suis mécontent. 😊",produit recevoir endommagé mécontent,negatif,1,fr
AV0052,2026-03-06,web,SmartPhone X,"Je viens de recevoir le produit, à voir dans le temps. https://example.com/commande/52","je viens de recevoir le produit, à voir dans le temps.",venir recevoir produit voir temps,neutre,3,fr
AV0053,2026-03-27,mobile,Ordinateur NovaBook,"Produit excellent, je suis très satisfait.","produit excellent, je suis très satisfait.",produit excellent très satisfait,positif,5,fr
AV0054,2026-06-30,sav,Tablette TabPlus,Qualité décevante pour ce prix.,qualité décevante pour ce prix.,qualité décevant prix,negatif,1,fr
AV0057,2026-04-01,réseaux_sociaux,Écouteurs AirSound,LA LIVRAISON A ÉTÉ TRÈS LONGUE.,la livraison a été très longue.,livraison avoir très long,negatif,1,fr
AV0058,2026-08-10,mobile,SmartPhone Y,"Produit  reçu  endommagé,  je  suis  mécontent.","produit reçu endommagé, je suis mécontent.",produit recevoir endommagé mécontent,negatif,2,fr
AV0059,2026-07-20,sav,Ordinateur NovaBook,"@client Produit reçu endommagé, je suis mécontent.","produit reçu endommagé, je suis mécontent.",produit recevoir endommagé mécontent,negatif,1,fr
AV0060,2026-07-21,web,Écouteurs AirSound,Le produit ne fonctionne déjà plus. !!!,le produit ne fonctionne déjà plus. !,produit ne fonctionner déjà plus,negatif,1,fr
AV0061,2026-07-29,sav,SmartWatch Pro,La  livraison  a  été  très  longue.,la livraison a été très longue.,livraison avoir très long,negatif,2,fr
AV0063,2026-06-14,réseaux_sociaux,Écouteurs AirSound,"@client Très bonne expérience, simple et efficace.","très bonne expérience, simple et efficace.",très bon expérience simple efficace,positif,4,fr
AV0064,2026-01-30,email,SmartPhone Y,Produit correct pour son prix.,produit correct pour son prix.,produit correct prix,neutre,4,fr
AV0066,2026-01-30,sav,Tablette TabPlus,L'utilisation est assez simple.,l'utilisation est assez simple.,assez simple,neutre,3,fr
AV0067,2026-05-14,réseaux_sociaux,Ordinateur NovaBook,Service client réactif et commande reçue rapidement.,service client réactif et commande reçue rapidement.,service client réactif commande reçu rapidement,positif,4,fr
AV0068,2026-04-04,sav,SmartPhone X,La  qualité  est  correcte  sans  être  exceptionnelle.,la qualité est correcte sans être exceptionnelle.,qualité correct sans être exceptionnel,neutre,4,fr
AV0069,2026-07-04,email,Tablette TabPlus,"MAUVAISE EXPÉRIENCE, JE NE RECOMMANDE PAS.","mauvaise expérience, je ne recommande pas.",mauvais expérience ne recommander pas,negatif,2,fr
AV0071,2026-06-07,réseaux_sociaux,SmartWatch Pro,Service client réactif et commande reçue rapidement. !!!,service client réactif et commande reçue rapidement. !,service client réactif commande reçu rapidement,positif,5,fr
AV0072,2026-02-23,sav,Tablette TabPlus,"Très bonne expérience, simple et efficace. 😊","très bonne expérience, simple et efficace. 😊",très bon expérience simple efficace,positif,4,fr
AV0073,2026-04-24,mobile,Tablette TabPlus,Excellent rapport qualité-prix. https://example.com/commande/73,excellent rapport qualité-prix.,excellent rapport,positif,5,fr
AV0074,2026-05-12,réseaux_sociaux,SmartWatch Pro,"Très bon produit, la qualité est au rendez-vous. 😊","très bon produit, la qualité est au rendez-vous. 😊",très bon produit qualité,positif,5,fr
AV0076,2026-04-27,sav,Ordinateur NovaBook,EXCELLENT RAPPORT QUALITÉ-PRIX.,excellent rapport qualité-prix.,excellent rapport,positif,5,fr
AV0077,2026-03-04,mobile,Ordinateur NovaBook,Excellent rapport qualité-prix. #avis,excellent rapport qualité-prix. avis,excellent rapport avis,positif,5,fr
AV0078,2026-02-15,réseaux_sociaux,Écouteurs AirSound,L'utilisation  est  assez  simple.,l'utilisation est assez simple.,assez simple,neutre,3,fr
AV0079,2026-02-04,sav,Ordinateur NovaBook,"Très bon produit, la qualité est au rendez-vous. https://example.com/commande/79","très bon produit, la qualité est au rendez-vous.",très bon produit qualité,positif,5,fr
AV0081,2026-03-08,mobile,Ordinateur NovaBook,Qualité décevante pour ce prix. https://example.com/commande/81,qualité décevante pour ce prix.,qualité décevant prix,negatif,2,fr
AV0082,2026-04-23,web,Ordinateur NovaBook,"Je recommande vivement, tout fonctionne parfaitement. 😊","je recommande vivement, tout fonctionne parfaitement. 😊",recommander vivement tout fonctionner parfaitement,positif,5,fr
AV0083,2026-08-17,réseaux_sociaux,SmartPhone X,@client La batterie tient vraiment bien et l'écran est superbe.,la batterie tient vraiment bien et l'écran est superbe.,batterie tenir vraiment bien superbe,positif,5,fr
AV0085,2026-04-17,web,SmartPhone Y,"Produit parfait, rien à signaler. https://example.com/commande/85","produit parfait, rien à signaler.",produit parfait rien signaler,positif,5,fr
AV0086,2026-08-08,réseaux_sociaux,Écouteurs AirSound,"Je viens de recevoir le produit, à voir dans le temps.","je viens de recevoir le produit, à voir dans le temps.",venir recevoir produit voir temps,neutre,3,fr
AV0088,2026-05-05,mobile,SmartWatch Pro,"Je  viens  de  recevoir  le  produit,  à  voir  dans  le  temps.","je viens de recevoir le produit, à voir dans le temps.",venir recevoir produit voir temps,neutre,4,fr
AV0091,2026-02-04,sav,SmartPhone Y,"Très bon produit, la qualité est au rendez-vous. #avis","très bon produit, la qualité est au rendez-vous. avis",très bon produit qualité avis,positif,4,fr
AV0092,2026-04-27,email,SmartWatch Pro,La  batterie  tient  vraiment  bien  et  l'écran  est  superbe.,la batterie tient vraiment bien et l'écran est superbe.,batterie tenir vraiment bien superbe,positif,5,fr
AV0095,2026-08-03,web,Tablette TabPlus,"Je  recommande  vivement,  tout  fonctionne  parfaitement.","je recommande vivement, tout fonctionne parfaitement.",recommander vivement tout fonctionner parfaitement,positif,4,fr
AV0097,2026-07-19,mobile,SmartWatch Pro,LA LIVRAISON S'EST DÉROULÉE NORMALEMENT.,la livraison s'est déroulée normalement.,livraison dérouler normalement,neutre,3,fr
AV0100,2026-05-17,sav,Ordinateur NovaBook,@client Le produit correspond globalement à la description.,le produit correspond globalement à la description.,produit correspondre globalement description,neutre,4,fr
AV0101,2026-07-30,sav,SmartPhone X,"Produit excellent, je suis très satisfait. #avis","produit excellent, je suis très satisfait. avis",produit excellent très satisfait avis,positif,5,fr
AV0102,2026-04-22,mobile,Ordinateur NovaBook,Excellent rapport qualité-prix. !!!,excellent rapport qualité-prix. !,excellent rapport,positif,5,fr
AV0105,2026-03-28,web,Écouteurs AirSound,Qualité décevante pour ce prix. #avis,qualité décevante pour ce prix. avis,qualité décevant prix avis,negatif,1,fr
AV0106,2026-04-01,email,SmartWatch Pro,Qualité  décevante  pour  ce  prix.,qualité décevante pour ce prix.,qualité décevant prix,negatif,1,fr
AV0107,2026-05-13,mobile,SmartPhone X,"Produit parfait, rien à signaler.","produit parfait, rien à signaler.",produit parfait rien signaler,positif,5,fr
AV0111,2026-03-11,email,SmartWatch Pro,La batterie tient vraiment bien et l'écran est superbe. https://example.com/commande/111,la batterie tient vraiment bien et l'écran est superbe.,batterie tenir vraiment bien superbe,positif,5,fr
AV0113,2026-07-05,réseaux_sociaux,Tablette TabPlus,Excellent rapport qualité-prix. 😊,excellent rapport qualité-prix. 😊,excellent rapport,positif,5,fr
AV0115,2026-01-14,réseaux_sociaux,SmartWatch Pro,"Très bonne expérience, simple et efficace.","très bonne expérience, simple et efficace.",très bon expérience simple efficace,positif,5,fr
AV0116,2026-01-27,web,Tablette TabPlus,La qualité est correcte sans être exceptionnelle. https://example.com/commande/116,la qualité est correcte sans être exceptionnelle.,qualité correct sans être exceptionnel,neutre,3,fr
AV0118,2026-04-13,sav,SmartPhone X,LA BATTERIE SE DÉCHARGE BEAUCOUP TROP VITE.,la batterie se décharge beaucoup trop vite.,batterie décharge beaucoup trop vite,negatif,2,fr
AV0119,2026-07-27,réseaux_sociaux,SmartWatch Pro,Livraison rapide et produit conforme à mes attentes. !!!,livraison rapide et produit conforme à mes attentes. !,livraison rapide produit conforme attente,positif,4,fr
AV0120,2026-07-15,sav,Tablette TabPlus,"Très bon produit, la qualité est au rendez-vous.","très bon produit, la qualité est au rendez-vous.",très bon produit qualité,positif,5,fr
AV0121,2026-04-26,sav,SmartWatch Pro,"Produit parfait, rien à signaler. #avis","produit parfait, rien à signaler. avis",produit parfait rien signaler avis,positif,5,fr
AV0123,2026-03-03,mobile,Tablette TabPlus,"Très bon produit, la qualité est au rendez-vous. !!!","très bon produit, la qualité est au rendez-vous. !",très bon produit qualité,positif,5,fr
AV0124,2026-06-26,réseaux_sociaux,Écouteurs AirSound,Service client réactif et commande reçue rapidement. https://example.com/commande/124,service client réactif et commande reçue rapidement.,service client réactif commande reçu rapidement,positif,4,fr
AV0127,2026-01-19,web,SmartPhone Y,"Très bonne expérience, simple et efficace. !!!","très bonne expérience, simple et efficace. !",très bon expérience simple efficace,positif,5,fr
AV0128,2026-04-23,web,Écouteurs AirSound,La qualité est correcte sans être exceptionnelle. 😊,la qualité est correcte sans être exceptionnelle. 😊,qualité correct sans être exceptionnel,neutre,4,fr
AV0129,2026-05-09,réseaux_sociaux,Écouteurs AirSound,L'utilisation est assez simple. 😊,l'utilisation est assez simple. 😊,assez simple,neutre,4,fr
AV0133,2026-04-15,email,SmartWatch Pro,@client L'utilisation est assez simple.,l'utilisation est assez simple.,assez simple,neutre,3,fr
AV0137,2026-02-18,réseaux_sociaux,SmartWatch Pro,Le service client n'a pas répondu à ma demande.,le service client n'a pas répondu à ma demande.,service client avoir pas répondre demande,negatif,2,fr
AV0139,2026-02-01,web,Ordinateur NovaBook,Excellent rapport qualité-prix. https://example.com/commande/139,excellent rapport qualité-prix.,excellent rapport,positif,5,fr
AV0140,2026-05-22,web,Tablette TabPlus,Livraison rapide et produit conforme à mes attentes. 😊,livraison rapide et produit conforme à mes attentes. 😊,livraison rapide produit conforme attente,positif,5,fr
AV0141,2026-01-31,mobile,Écouteurs AirSound,"Très bon produit, la qualité est au rendez-vous. https://example.com/commande/141","très bon produit, la qualité est au rendez-vous.",très bon produit qualité,positif,5,fr
AV0142,2026-08-02,sav,Écouteurs AirSound,Le produit ne fonctionne déjà plus. #avis,le produit ne fonctionne déjà plus. avis,produit ne fonctionner déjà plus avis,negatif,2,fr
AV0143,2026-08-24,réseaux_sociaux,Tablette TabPlus,Service  client  réactif  et  commande  reçue  rapidement.,service client réactif et commande reçue rapidement.,service client réactif commande reçu rapidement,positif,5,fr
AV0146,2026-05-18,sav,SmartWatch Pro,Livraison rapide et produit conforme à mes attentes. https://example.com/commande/146,livraison rapide et produit conforme à mes attentes.,livraison rapide produit conforme attente,positif,5,fr
AV0148,2026-01-12,email,Ordinateur NovaBook,"Je recommande vivement, tout fonctionne parfaitement. #avis","je recommande vivement, tout fonctionne parfaitement. avis",recommander vivement tout fonctionner parfaitement avis,positif,5,fr
AV0150,2026-01-26,réseaux_sociaux,Écouteurs AirSound,"Très bon produit, je recommande.","très bon produit, je recommande.",très bon produit recommander,positif,5,fr
AV0152,2026-08-07,réseaux_sociaux,Écouteurs AirSound,"@client Très bon produit, la qualité est au rendez-vous.","très bon produit, la qualité est au rendez-vous.",très bon produit qualité,positif,5,fr
AV0155,2026-06-27,email,SmartPhone X,L'utilisation est assez simple. !!!,l'utilisation est assez simple. !,assez simple,neutre,3,fr
AV0160,2026-04-24,email,Tablette TabPlus,"PRODUIT REÇU ENDOMMAGÉ, JE SUIS MÉCONTENT.","produit reçu endommagé, je suis mécontent.",produit recevoir endommagé mécontent,negatif,2,fr
AV0161,2026-08-05,email,SmartPhone Y,"Très bonne expérience, simple et efficace. https://example.com/commande/161","très bonne expérience, simple et efficace.",très bon expérience simple efficace,positif,5,fr
AV0162,2026-04-08,réseaux_sociaux,SmartWatch Pro,La  batterie  se  décharge  beaucoup  trop  vite.,la batterie se décharge beaucoup trop vite.,batterie décharge beaucoup trop vite,negatif,2,fr
AV0164,2026-08-02,email,SmartPhone Y,Très déçu par ce produit. https://example.com/commande/164,très déçu par ce produit.,très déçu produit,negatif,2,fr
AV0166,2026-06-10,web,Ordinateur NovaBook,La qualité est correcte sans être exceptionnelle. !!!,la qualité est correcte sans être exceptionnelle. !,qualité correct sans être exceptionnel,neutre,4,fr
AV0171,2026-08-05,réseaux_sociaux,SmartWatch Pro,La livraison a été très longue. #avis,la livraison a été très longue. avis,livraison avoir très long avis,negatif,1,fr
AV0172,2026-05-18,web,Écouteurs AirSound,"Produit excellent, je suis très satisfait. 😊","produit excellent, je suis très satisfait. 😊",produit excellent très satisfait,positif,5,fr
AV0174,2026-03-25,réseaux_sociaux,SmartPhone Y,Le produit correspond globalement à la description.,le produit correspond globalement à la description.,produit correspondre globalement description,neutre,3,fr
AV0176,2026-01-25,mobile,Tablette TabPlus,QUALITÉ DÉCEVANTE POUR CE PRIX.,qualité décevante pour ce prix.,qualité décevant prix,negatif,2,fr
AV0177,2026-04-18,réseaux_sociaux,Ordinateur NovaBook,La batterie tient vraiment bien et l'écran est superbe.,la batterie tient vraiment bien et l'écran est superbe.,batterie tenir vraiment bien superbe,positif,5,fr
AV0178,2026-08-02,sav,Tablette TabPlus,LA QUALITÉ EST CORRECTE SANS ÊTRE EXCEPTIONNELLE.,la qualité est correcte sans être exceptionnelle.,qualité correct sans être exceptionnel,neutre,3,fr
AV0179,2026-02-25,sav,Écouteurs AirSound,"@client Produit excellent, je suis très satisfait.","produit excellent, je suis très satisfait.",produit excellent très satisfait,positif,5,fr
AV0180,2026-05-20,email,SmartPhone X,@client La batterie se décharge beaucoup trop vite.,la batterie se décharge beaucoup trop vite.,batterie décharge beaucoup trop vite,negatif,2,fr
AV0181,2026-01-24,mobile,Ordinateur NovaBook,"Très bon produit, la qualité est au rendez-vous. https://example.com/commande/181","très bon produit, la qualité est au rendez-vous.",très bon produit qualité,positif,5,fr
AV0186,2026-01-05,mobile,SmartWatch Pro,"@client Je viens de recevoir le produit, à voir dans le temps.","je viens de recevoir le produit, à voir dans le temps.",venir recevoir produit voir temps,neutre,3,fr
AV0187,2026-07-10,web,Écouteurs AirSound,"PRODUIT PARFAIT, RIEN À SIGNALER.","produit parfait, rien à signaler.",produit parfait rien signaler,positif,5,fr
AV0189,2026-06-14,web,SmartPhone X,Le produit ne fonctionne déjà plus. https://example.com/commande/189,le produit ne fonctionne déjà plus.,produit ne fonctionner déjà plus,negatif,1,fr
AV0190,2026-05-06,sav,SmartPhone X,LE SERVICE CLIENT N'A PAS RÉPONDU À MA DEMANDE.,le service client n'a pas répondu à ma demande.,service client avoir pas répondre demande,negatif,2,fr
AV0200,2026-08-05,web,SmartWatch Pro,Excellent  rapport  qualité-prix.,excellent rapport qualité-prix.,excellent rapport,positif,5,fr
AV0203,2026-03-11,email,SmartWatch Pro,Le produit correspond globalement à la description. !!!,le produit correspond globalement à la description. !,produit correspondre globalement description,neutre,3,fr
AV0204,2026-01-18,mobile,Ordinateur NovaBook,Livraison rapide et produit conforme à mes attentes. #avis,livraison rapide et produit conforme à mes attentes. avis,livraison rapide produit conforme attente avis,positif,5,fr
AV0206,2026-07-04,email,Tablette TabPlus,La batterie tient vraiment bien et l'écran est superbe. 😊,la batterie tient vraiment bien et l'écran est superbe. 😊,batterie tenir vraiment bien superbe,positif,5,fr
AV0208,2026-05-05,réseaux_sociaux,Écouteurs AirSound,L'utilisation est assez simple. #avis,l'utilisation est assez simple. avis,assez simple avis,neutre,3,fr
AV0210,2026-01-12,mobile,Écouteurs AirSound,"Produit parfait, rien à signaler. 😊","produit parfait, rien à signaler. 😊",produit parfait rien signaler,positif,5,fr
AV0211,2026-03-19,mobile,SmartPhone Y,Très  déçu  par  ce  produit.,très déçu par ce produit.,très déçu produit,negatif,1,fr
AV0212,2026-01-02,sav,Ordinateur NovaBook,PRODUIT CORRECT POUR SON PRIX.,produit correct pour son prix.,produit correct prix,neutre,3,fr
AV0219,2026-05-11,web,Tablette TabPlus,LIVRAISON RAPIDE ET PRODUIT CONFORME À MES ATTENTES.,livraison rapide et produit conforme à mes attentes.,livraison rapide produit conforme attente,positif,5,fr
AV0220,2026-03-02,web,SmartPhone Y,La batterie tient vraiment bien et l'écran est superbe. !!!,la batterie tient vraiment bien et l'écran est superbe. !,batterie tenir vraiment bien superbe,positif,5,fr
AV0222,2026-07-13,réseaux_sociaux,Tablette TabPlus,Qualité décevante pour ce prix. https://example.com/commande/222,qualité décevante pour ce prix.,qualité décevant prix,negatif,2,fr
AV0225,2026-04-05,email,SmartPhone X,OK,ok,ok,positif,5,fr
AV0229,2026-07-01,sav,Écouteurs AirSound,"Produit  excellent,  je  suis  très  satisfait.","produit excellent, je suis très satisfait.",produit excellent très satisfait,positif,5,fr
AV0235,2026-01-24,sav,Tablette TabPlus,La qualité est correcte sans être exceptionnelle.,la qualité est correcte sans être exceptionnelle.,qualité correct sans être exceptionnel,neutre,4,fr
AV0242,2026-04-29,email,Écouteurs AirSound,"Mauvaise expérience, je ne recommande pas. https://example.com/commande/242","mauvaise expérience, je ne recommande pas.",mauvais expérience ne recommander pas,negatif,1,fr
AV0243,2026-07-25,réseaux_sociaux,SmartPhone Y,Livraison  rapide  et  produit  conforme  à  mes  attentes.,livraison rapide et produit conforme à mes attentes.,livraison rapide produit conforme attente,positif,5,fr
AV0244,2026-05-22,web,Ordinateur NovaBook,@client Qualité décevante pour ce prix.,qualité décevante pour ce prix.,qualité décevant prix,negatif,1,fr
AV0249,2026-02-05,web,SmartWatch Pro,Produit correct pour son prix. !!!,produit correct pour son prix. !,produit correct prix,neutre,4,fr
AV0250,2026-04-25,réseaux_sociaux,SmartPhone X,"Produit reçu endommagé, je suis mécontent. https://example.com/commande/250","produit reçu endommagé, je suis mécontent.",produit recevoir endommagé mécontent,negatif,2,fr
AV0251,2026-08-02,mobile,Tablette TabPlus,Le  produit  ne  fonctionne  déjà  plus.,le produit ne fonctionne déjà plus.,produit ne fonctionner déjà plus,negatif,1,fr
AV0257,2026-08-12,sav,SmartPhone X,Très déçu par ce produit. #avis,très déçu par ce produit. avis,très déçu produit avis,negatif,2,fr
AV0259,2026-02-04,web,SmartWatch Pro,@client Très satisfait de mon achat 👍,très satisfait de mon achat 👍,très satisfait achat,positif,4,fr
AV0260,2026-06-11,mobile,SmartPhone Y,Excellent rapport qualité-prix. https://example.com/commande/260,excellent rapport qualité-prix.,excellent rapport,positif,5,fr
AV0266,2026-07-06,sav,SmartPhone X,LE PRODUIT NE FONCTIONNE DÉJÀ PLUS.,le produit ne fonctionne déjà plus.,produit ne fonctionner déjà plus,negatif,2,fr
AV0268,2026-06-04,sav,SmartPhone Y,"Très bonne expérience, simple et efficace. https://example.com/commande/268","très bonne expérience, simple et efficace.",très bon expérience simple efficace,positif,5,fr
AV0270,2026-06-21,sav,SmartWatch Pro,TRÈS DÉÇU PAR CE PRODUIT.,très déçu par ce produit.,très déçu produit,negatif,2,fr
AV0280,2026-03-02,sav,SmartPhone X,"Je recommande vivement, tout fonctionne parfaitement. !!!","je recommande vivement, tout fonctionne parfaitement. !",recommander vivement tout fonctionner parfaitement,positif,4,fr
AV0283,2026-04-30,réseaux_sociaux,SmartWatch Pro,"Très bon produit, la qualité est au rendez-vous. https://example.com/commande/283","très bon produit, la qualité est au rendez-vous.",très bon produit qualité,positif,5,fr
AV0289,2026-01-21,web,Ordinateur NovaBook,Très déçu par ce produit.,très déçu par ce produit.,très déçu produit,negatif,2,fr
AV0292,2026-01-19,web,SmartPhone Y,"Très bonne expérience, simple et efficace. https://example.com/commande/292","très bonne expérience, simple et efficace.",très bon expérience simple efficace,positif,5,fr
AV0295,2026-02-01,email,Écouteurs AirSound,"Je recommande vivement, tout fonctionne parfaitement. https://example.com/commande/295","je recommande vivement, tout fonctionne parfaitement.",recommander vivement tout fonctionner parfaitement,positif,5,fr
AV0298,2026-05-08,web,SmartPhone X,Qualité décevante pour ce prix. 😊,qualité décevante pour ce prix. 😊,qualité décevant prix,negatif,2,fr
AV0300,2026-03-15,réseaux_sociaux,SmartPhone X,Excellent rapport qualité-prix. https://example.com/commande/300,excellent rapport qualité-prix.,excellent rapport,positif,5,fr
AV0303,2026-07-15,réseaux_sociaux,SmartWatch Pro,"Produit parfait, rien à signaler. https://example.com/commande/303","produit parfait, rien à signaler.",produit parfait rien signaler,positif,5,fr
AV0305,2026-07-13,mobile,SmartPhone Y,"@client Produit parfait, rien à signaler.","produit parfait, rien à signaler.",produit parfait rien signaler,positif,5,fr
AV0307,2026-02-08,réseaux_sociaux,Tablette TabPlus,"Je viens de recevoir le produit, à voir dans le temps. https://example.com/commande/307","je viens de recevoir le produit, à voir dans le temps.",venir recevoir produit voir temps,neutre,3,fr
AV0310,2026-07-23,web,Tablette TabPlus,Service client réactif et commande reçue rapidement. 😊,service client réactif et commande reçue rapidement. 😊,service client réactif commande reçu rapidement,positif,4,fr
AV0312,2026-01-09,réseaux_sociaux,Ordinateur NovaBook,La  livraison  s'est  déroulée  normalement.,la livraison s'est déroulée normalement.,livraison dérouler normalement,neutre,3,fr
AV0314,2026-08-12,web,Ordinateur NovaBook,"Je viens de recevoir le produit, à voir dans le temps. https://example.com/commande/314","je viens de recevoir le produit, à voir dans le temps.",venir recevoir produit voir temps,neutre,3,fr
AV0319,2026-03-31,réseaux_sociaux,Ordinateur NovaBook,La batterie tient vraiment bien et l'écran est superbe. https://example.com/commande/319,la batterie tient vraiment bien et l'écran est superbe.,batterie tenir vraiment bien superbe,positif,5,fr
AV0322,2026-02-24,mobile,Tablette TabPlus,Le produit ne fonctionne déjà plus. https://example.com/commande/322,le produit ne fonctionne déjà plus.,produit ne fonctionner déjà plus,negatif,2,fr
AV0330,2026-06-14,réseaux_sociaux,Tablette TabPlus,"Très bonne expérience, simple et efficace. https://example.com/commande/330","très bonne expérience, simple et efficace.",très bon expérience simple efficace,positif,5,fr
AV0331,2026-03-11,mobile,SmartPhone X,"Produit parfait, rien à signaler. https://example.com/commande/331","produit parfait, rien à signaler.",produit parfait rien signaler,positif,5,fr
AV0333,2026-07-31,sav,Tablette TabPlus,Produit excellent !!! 😍😍😍,produit excellent ! 😍😍😍,produit excellent,positif,5,fr
AV0336,2026-06-17,email,Ordinateur NovaBook,Très déçu par ce produit. 😊,très déçu par ce produit. 😊,très déçu produit,negatif,2,fr
AV0341,2026-05-16,email,SmartPhone X,"Je viens de recevoir le produit, à voir dans le temps. https://example.com/commande/341","je viens de recevoir le produit, à voir dans le temps.",venir recevoir produit voir temps,neutre,3,fr
AV0344,2026-01-24,réseaux_sociaux,Écouteurs AirSound,Très satisfait de mon achat 👍 https://example.com/commande/344,très satisfait de mon achat 👍,très satisfait achat,positif,5,fr
AV0345,2026-04-17,sav,Tablette TabPlus,La livraison s'est déroulée normalement.,la livraison s'est déroulée normalement.,livraison dérouler normalement,neutre,3,fr
AV0348,2026-01-09,email,Écouteurs AirSound,"Très bon produit, la qualité est au rendez-vous. https://example.com/commande/348","très bon produit, la qualité est au rendez-vous.",très bon produit qualité,positif,4,fr
AV0353,2026-07-30,mobile,SmartPhone Y,"Je viens de recevoir le produit, à voir dans le temps. #avis","je viens de recevoir le produit, à voir dans le temps. avis",venir recevoir produit voir temps avis,neutre,3,fr
AV0364,2026-05-23,réseaux_sociaux,SmartPhone Y,Le service client n'a pas répondu à ma demande. #avis,le service client n'a pas répondu à ma demande. avis,service client avoir pas répondre demande avis,negatif,2,fr
AV0367,2026-02-18,réseaux_sociaux,Ordinateur NovaBook,LE PRODUIT CORRESPOND GLOBALEMENT À LA DESCRIPTION.,le produit correspond globalement à la description.,produit correspondre globalement description,neutre,4,fr
AV0371,2026-05-17,email,SmartWatch Pro,Service client réactif et commande reçue rapidement. https://example.com/commande/371,service client réactif et commande reçue rapidement.,service client réactif commande reçu rapidement,positif,5,fr
AV0373,2026-01-12,réseaux_sociaux,SmartPhone Y,"Mauvaise expérience, je ne recommande pas. #avis","mauvaise expérience, je ne recommande pas. avis",mauvais expérience ne recommander pas avis,negatif,2,fr
AV0377,2026-04-28,mobile,Ordinateur NovaBook,La qualité est correcte sans être exceptionnelle. https://example.com/commande/377,la qualité est correcte sans être exceptionnelle.,qualité correct sans être exceptionnel,neutre,3,fr
AV0381,2026-06-18,sav,SmartPhone X,Très satisfait de mon achat 👍 https://example.com/commande/381,très satisfait de mon achat 👍,très satisfait achat,positif,4,fr
AV0383,2026-01-28,web,Tablette TabPlus,Le service client n'a pas répondu à ma demande. !!!,le service client n'a pas répondu à ma demande. !,service client avoir pas répondre demande,negatif,1,fr
AV0387,2026-01-15,web,Ordinateur NovaBook,"Produit parfait, rien à signaler. https://example.com/commande/387","produit parfait, rien à signaler.",produit parfait rien signaler,positif,5,fr
AV0389,2026-03-11,web,SmartPhone X,La livraison a été très longue. https://example.com/commande/389,la livraison a été très longue.,livraison avoir très long,negatif,1,fr
AV0391,2026-08-26,web,SmartWatch Pro,"Produit reçu endommagé, je suis mécontent. #avis","produit reçu endommagé, je suis mécontent. avis",produit recevoir endommagé mécontent avis,negatif,2,fr
AV0400,2026-05-23,réseaux_sociaux,Tablette TabPlus,Service client réactif et commande reçue rapidement. https://example.com/commande/400,service client réactif et commande reçue rapidement.,service client réactif commande reçu rapidement,positif,5,fr
AV0406,2026-07-04,sav,Tablette TabPlus,Produit  correct  pour  son  prix.,produit correct pour son prix.,produit correct prix,neutre,3,fr
AV0408,2026-03-27,sav,Ordinateur NovaBook,La batterie tient vraiment bien et l'écran est superbe. https://example.com/commande/408,la batterie tient vraiment bien et l'écran est superbe.,batterie tenir vraiment bien superbe,positif,5,fr
AV0409,2026-06-04,mobile,Écouteurs AirSound,@client Le produit ne fonctionne déjà plus.,le produit ne fonctionne déjà plus.,produit ne fonctionner déjà plus,negatif,1,fr
AV0413,2026-07-24,email,Ordinateur NovaBook,La livraison a été très longue. https://example.com/commande/413,la livraison a été très longue.,livraison avoir très long,negatif,2,fr
AV0415,2026-01-19,sav,Tablette TabPlus,Service client réactif et commande reçue rapidement. #avis,service client réactif et commande reçue rapidement. avis,service client réactif commande reçu rapidement avis,positif,5,fr
AV0423,2026-03-31,sav,SmartPhone X,"Produit parfait, rien à signaler. https://example.com/commande/423","produit parfait, rien à signaler.",produit parfait rien signaler,positif,5,fr
AV0427,2026-06-13,sav,Écouteurs AirSound,La livraison s'est déroulée normalement. !!!,la livraison s'est déroulée normalement. !,livraison dérouler normalement,neutre,4,fr
AV0429,2026-07-24,réseaux_sociaux,SmartPhone Y,"TRÈS BON PRODUIT, LA QUALITÉ EST AU RENDEZ-VOUS.","très bon produit, la qualité est au rendez-vous.",très bon produit qualité,positif,5,fr
AV0435,2026-06-12,réseaux_sociaux,Ordinateur NovaBook,Livraison rapide et produit conforme à mes attentes. https://example.com/commande/435,livraison rapide et produit conforme à mes attentes.,livraison rapide produit conforme attente,positif,5,fr
AV0436,2026-03-15,mobile,SmartPhone Y,"Produit reçu endommagé, je suis mécontent. https://example.com/commande/436","produit reçu endommagé, je suis mécontent.",produit recevoir endommagé mécontent,negatif,1,fr
AV0439,2026-05-06,mobile,SmartPhone X,La qualité est correcte sans être exceptionnelle. https://example.com/commande/439,la qualité est correcte sans être exceptionnelle.,qualité correct sans être exceptionnel,neutre,3,fr
AV0441,2026-05-21,réseaux_sociaux,SmartPhone X,Très satisfait de mon achat 👍 https://example.com/commande/441,très satisfait de mon achat 👍,très satisfait achat,positif,5,fr
AV0444,2026-03-31,web,Écouteurs AirSound,CE PRODUIT EST VRAIMENT EXCELLENT,ce produit est vraiment excellent,produit vraiment excellent,negatif,1,fr
AV0453,2026-03-25,réseaux_sociaux,SmartPhone X,Qualité décevante pour ce prix. https://example.com/commande/453,qualité décevante pour ce prix.,qualité décevant prix,negatif,2,fr
AV0454,2026-06-12,email,SmartPhone X,La batterie se décharge beaucoup trop vite. https://example.com/commande/454,la batterie se décharge beaucoup trop vite.,batterie décharge beaucoup trop vite,negatif,2,fr
AV0455,2026-07-31,mobile,Écouteurs AirSound,La livraison s'est déroulée normalement. #avis,la livraison s'est déroulée normalement. avis,livraison dérouler normalement avis,neutre,3,fr
AV0458,2026-01-01,sav,SmartPhone Y,Excellent rapport qualité-prix. https://example.com/commande/458,excellent rapport qualité-prix.,excellent rapport,positif,5,fr
AV0464,2026-01-19,mobile,Écouteurs AirSound,"Produit reçu endommagé, je suis mécontent. https://example.com/commande/464","produit reçu endommagé, je suis mécontent.",produit recevoir endommagé mécontent,negatif,2,fr
AV0468,2026-08-09,mobile,SmartPhone X,"Je viens de recevoir le produit, à voir dans le temps. https://example.com/commande/468","je viens de recevoir le produit, à voir dans le temps.",venir recevoir produit voir temps,neutre,3,fr
AV0469,2026-03-31,sav,SmartWatch Pro,La batterie se décharge beaucoup trop vite. #avis,la batterie se décharge beaucoup trop vite. avis,batterie décharge beaucoup trop vite avis,negatif,1,fr
AV0482,2026-03-30,réseaux_sociaux,Tablette TabPlus,Livraison rapide et produit conforme à mes attentes. https://example.com/commande/482,livraison rapide et produit conforme à mes attentes.,livraison rapide produit conforme attente,positif,4,fr
AV0485,2026-03-09,réseaux_sociaux,Ordinateur NovaBook,"JE VIENS DE RECEVOIR LE PRODUIT, À VOIR DANS LE TEMPS.","je viens de recevoir le produit, à voir dans le temps.",venir recevoir produit voir temps,neutre,3,fr
AV0487,2026-08-17,réseaux_sociaux,Ordinateur NovaBook,"TRÈS BONNE EXPÉRIENCE, SIMPLE ET EFFICACE.","très bonne expérience, simple et efficace.",très bon expérience simple efficace,positif,5,fr
AV0490,2026-03-24,mobile,Écouteurs AirSound,Le  service  client  n'a  pas  répondu  à  ma  demande.,le service client n'a pas répondu à ma demande.,service client avoir pas répondre demande,negatif,1,fr
AV0496,2026-01-02,sav,SmartPhone X,La livraison a été très longue. !!!,la livraison a été très longue. !,livraison avoir très long,negatif,1,fr
AV0508,2026-08-07,sav,Tablette TabPlus,Le produit correspond globalement à la description. #avis,le produit correspond globalement à la description. avis,produit correspondre globalement description avis,neutre,3,fr
AV0509,2026-01-27,mobile,SmartPhone X,Le produit correspond globalement à la description. https://example.com/commande/509,le produit correspond globalement à la description.,produit correspondre globalement description,neutre,3,fr
AV0516,2026-04-16,réseaux_sociaux,Écouteurs AirSound,"Très bonne expérience, simple et efficace. https://example.com/commande/516","très bonne expérience, simple et efficace.",très bon expérience simple efficace,positif,5,fr
AV0518,2026-07-23,web,Écouteurs AirSound,La livraison a été trèèès longue.,la livraison a été trèèès longue.,livraison avoir trèèès long,negatif,2,fr
AV0533,2026-06-04,email,Tablette TabPlus,Très déçu par ce produit. !!!,très déçu par ce produit. !,très déçu produit,negatif,2,fr
AV0537,2026-07-07,sav,SmartPhone Y,L'utilisation est assez simple. https://example.com/commande/537,l'utilisation est assez simple.,assez simple,neutre,3,fr
AV0538,2026-05-20,sav,SmartPhone X,@client Le service client n'a pas répondu à ma demande.,le service client n'a pas répondu à ma demande.,service client avoir pas répondre demande,negatif,2,fr
AV0542,2026-06-30,web,Écouteurs AirSound,"Mauvaise expérience, je ne recommande pas. https://example.com/commande/542","mauvaise expérience, je ne recommande pas.",mauvais expérience ne recommander pas,negatif,1,fr
AV0550,2026-01-12,email,Écouteurs AirSound,"Produit reçu endommagé, je suis mécontent. https://example.com/commande/550","produit reçu endommagé, je suis mécontent.",produit recevoir endommagé mécontent,negatif,2,fr
AV0553,2026-05-27,mobile,Écouteurs AirSound,"Je viens de recevoir le produit, à voir dans le temps. https://example.com/commande/553","je viens de recevoir le produit, à voir dans le temps.",venir recevoir produit voir temps,neutre,3,fr
AV0555,2026-07-13,sav,SmartPhone Y,Pas bon,pas bon,pas bon,neutre,4,fr
AV0559,2026-08-23,web,Ordinateur NovaBook,"Produit parfait, rien à signaler. https://example.com/commande/559","produit parfait, rien à signaler.",produit parfait rien signaler,positif,5,fr
AV0573,2026-02-15,sav,Tablette TabPlus,Excellent rapport qualité-prix. https://example.com/commande/573,excellent rapport qualité-prix.,excellent rapport,positif,5,fr
AV0582,2026-03-08,email,SmartPhone Y,"Mauvaise expérience, je ne recommande pas. 😊","mauvaise expérience, je ne recommande pas. 😊",mauvais expérience ne recommander pas,negatif,2,fr
AV0593,2026-02-06,email,Ordinateur NovaBook,Le service client n'a pas répondu à ma demande. https://example.com/commande/593,le service client n'a pas répondu à ma demande.,service client avoir pas répondre demande,negatif,2,fr
AV0602,2026-04-02,mobile,SmartPhone Y,La batterie tient vraiment bien et l'écran est superbe. https://example.com/commande/602,la batterie tient vraiment bien et l'écran est superbe.,batterie tenir vraiment bien superbe,positif,5,fr
AV0604,2026-02-01,email,Ordinateur NovaBook,"Je viens de recevoir le produit, à voir dans le temps. !!!","je viens de recevoir le produit, à voir dans le temps. !",venir recevoir produit voir temps,neutre,4,fr
AV0613,2026-02-08,web,Tablette TabPlus,"Je viens de recevoir le produit, à voir dans le temps. https://example.com/commande/613","je viens de recevoir le produit, à voir dans le temps.",venir recevoir produit voir temps,neutre,3,fr
AV0616,2026-01-25,web,SmartPhone X,L'UTILISATION EST ASSEZ SIMPLE.,l'utilisation est assez simple.,assez simple,neutre,3,fr
AV0621,2026-02-16,réseaux_sociaux,Écouteurs AirSound,Très satisfait de mon achat 👍 https://example.com/commande/621,très satisfait de mon achat 👍,très satisfait achat,positif,5,fr
AV0627,2026-08-07,sav,SmartPhone Y,"Produit parfait, rien à signaler. https://example.com/commande/627","produit parfait, rien à signaler.",produit parfait rien signaler,positif,5,fr
AV0630,2026-04-25,email,SmartPhone X,Le produit correspond globalement à la description. https://example.com/commande/630,le produit correspond globalement à la description.,produit correspondre globalement description,neutre,3,fr
AV0634,2026-07-03,email,Ordinateur NovaBook,"Je viens de recevoir le produit, à voir dans le temps. https://example.com/commande/634","je viens de recevoir le produit, à voir dans le temps.",venir recevoir produit voir temps,neutre,3,fr
AV0638,2026-07-31,mobile,Ordinateur NovaBook,"Je recommande vivement, tout fonctionne parfaitement. https://example.com/commande/638","je recommande vivement, tout fonctionne parfaitement.",recommander vivement tout fonctionner parfaitement,positif,5,fr
AV0640,2026-01-02,réseaux_sociaux,Ordinateur NovaBook,La livraison s'est déroulée normalement. https://example.com/commande/640,la livraison s'est déroulée normalement.,livraison dérouler normalement,neutre,4,fr
AV0648,2026-05-30,réseaux_sociaux,Ordinateur NovaBook,"Produit parfait, rien à signaler. https://example.com/commande/648","produit parfait, rien à signaler.",produit parfait rien signaler,positif,5,fr
AV0655,2026-08-01,mobile,Ordinateur NovaBook,"Je recommande vivement, tout fonctionne parfaitement. https://example.com/commande/655","je recommande vivement, tout fonctionne parfaitement.",recommander vivement tout fonctionner parfaitement,positif,5,fr
AV0657,2026-02-15,web,SmartPhone Y,Produit correct pour son prix. https://example.com/commande/657,produit correct pour son prix.,produit correct prix,neutre,3,fr
AV0666,2026-04-08,web,Écouteurs AirSound,"Le produit est bien, mais la livraison a été longue. Le produit est bien, mais la livraison a été longue. Le produit est bien, mais la livraison a été longue. Le produit est bien, mais la livraison a été longue. Le produit est bien, mais la livraison a été longue. Le produit est bien, mais la livraison a été longue. Le produit est bien, mais la livraison a été longue. Le produit est bien, mais la livraison a été longue. Le produit est bien, mais la livraison a été longue. Le produit est bien, mais la livraison a été longue. Le produit est bien, mais la livraison a été longue. Le produit est bien, mais la livraison a été longue. ","le produit est bien, mais la livraison a été longue. le produit est bien, mais la livraison a été longue. le produit est bien, mais la livraison a été longue. le produit est bien, mais la livraison a été longue. le produit est bien, mais la livraison a été longue. le produit est bien, mais la livraison a été longue. le produit est bien, mais la livraison a été longue. le produit est bien, mais la livraison a été longue. le produit est bien, mais la livraison a été longue. le produit est bien, mais la livraison a été longue. le produit est bien, mais la livraison a été longue. le produit est bien, mais la livraison a été longue.",produit bien livraison avoir long produit bien livraison avoir long produit bien livraison avoir long produit bien livraison avoir long produit bien livraison avoir long produit bien livraison avoir long produit bien livraison avoir long produit bien livraison avoir long produit bien livraison avoir long produit bien livraison avoir long produit bien livraison avoir long produit bien livraison avoir long,positif,5,fr
AV0677,2026-04-08,sav,Ordinateur NovaBook,"Très bonne expérience, simple et efficace. https://example.com/commande/677","très bonne expérience, simple et efficace.",très bon expérience simple efficace,positif,4,fr
AV0686,2026-04-26,email,Tablette TabPlus,La batterie tient vraiment bien et l'écran est superbe. https://example.com/commande/686,la batterie tient vraiment bien et l'écran est superbe.,batterie tenir vraiment bien superbe,positif,5,fr
AV0690,2026-04-25,email,SmartWatch Pro,L'utilisation est assez simple. https://example.com/commande/690,l'utilisation est assez simple.,assez simple,neutre,3,fr
AV0717,2026-06-18,mobile,Tablette TabPlus,"Très bon produit, la qualité est au rendez-vous. https://example.com/commande/717","très bon produit, la qualité est au rendez-vous.",très bon produit qualité,positif,4,fr
AV0719,2026-07-22,sav,SmartWatch Pro,La livraison s'est déroulée normalement. https://example.com/commande/719,la livraison s'est déroulée normalement.,livraison dérouler normalement,neutre,3,fr
AV0732,2026-01-03,mobile,Ordinateur NovaBook,Qualité décevante pour ce prix. https://example.com/commande/732,qualité décevante pour ce prix.,qualité décevant prix,negatif,1,fr
AV0741,2026-07-17,mobile,SmartWatch Pro,Service client réactif et commande reçue rapidement. https://example.com/commande/741,service client réactif et commande reçue rapidement.,service client réactif commande reçu rapidement,positif,5,fr
AV0760,2026-02-04,réseaux_sociaux,Tablette TabPlus,L'utilisation est assez simple. https://example.com/commande/760,l'utilisation est assez simple.,assez simple,neutre,3,fr
AV0761,2026-05-24,réseaux_sociaux,SmartPhone X,Produit correct pour son prix. 😊,produit correct pour son prix. 😊,produit correct prix,neutre,3,fr
AV0775,2026-01-08,web,Ordinateur NovaBook,"Produit parfait, rien à signaler. !!!","produit parfait, rien à signaler. !",produit parfait rien signaler,positif,5,fr
AV0776,2026-08-11,réseaux_sociaux,SmartWatch Pro,Excellent rapport qualité-prix. https://example.com/commande/776,excellent rapport qualité-prix.,excellent rapport,positif,5,fr
AV0777,2026-06-01,réseaux_sociaux,Écouteurs AirSound,Produit      correct    pour     son prix.,produit correct pour son prix.,produit correct prix,positif,5,fr
AV0781,2026-03-18,web,Écouteurs AirSound,Excellent rapport qualité-prix. https://example.com/commande/781,excellent rapport qualité-prix.,excellent rapport,positif,4,fr
AV0787,2026-02-18,email,SmartPhone X,"Très bonne expérience, simple et efficace. https://example.com/commande/787","très bonne expérience, simple et efficace.",très bon expérience simple efficace,positif,5,fr
AV0796,2026-07-10,réseaux_sociaux,Tablette TabPlus,"Produit reçu endommagé, je suis mécontent.","produit reçu endommagé, je suis mécontent.",produit recevoir endommagé mécontent,negatif,2,fr
AV0804,2026-06-30,sav,Tablette TabPlus,Le produit correspond globalement à la description. https://example.com/commande/804,le produit correspond globalement à la description.,produit correspondre globalement description,neutre,3,fr
AV0809,2026-07-04,web,Ordinateur NovaBook,@client La livraison a été très longue.,la livraison a été très longue.,livraison avoir très long,negatif,2,fr
AV0822,2026-08-27,email,SmartWatch Pro,"Produit parfait, rien à signaler. https://example.com/commande/822","produit parfait, rien à signaler.",produit parfait rien signaler,positif,5,fr
AV0825,2026-04-25,sav,SmartPhone X,"Mauvaise expérience, je ne recommande pas. https://example.com/commande/825","mauvaise expérience, je ne recommande pas.",mauvais expérience ne recommander pas,negatif,2,fr
AV0831,2026-07-31,réseaux_sociaux,SmartPhone X,Livraison rapide et produit conforme à mes attentes. https://example.com/commande/831,livraison rapide et produit conforme à mes attentes.,livraison rapide produit conforme attente,positif,5,fr
AV0839,2026-05-24,mobile,Écouteurs AirSound,Livraison rapide et produit conforme à mes attentes. https://example.com/commande/839,livraison rapide et produit conforme à mes attentes.,livraison rapide produit conforme attente,positif,5,fr
AV0843,2026-06-09,mobile,Écouteurs AirSound,Très satisfait de mon achat 👍 https://example.com/commande/843,très satisfait de mon achat 👍,très satisfait achat,positif,5,fr
AV0846,2026-05-01,web,SmartWatch Pro,"Très bonne expérience, simple et efficace. https://example.com/commande/846","très bonne expérience, simple et efficace.",très bon expérience simple efficace,positif,4,fr
AV0853,2026-02-20,réseaux_sociaux,Écouteurs AirSound,La batterie se décharge beaucoup trop vite. !!!,la batterie se décharge beaucoup trop vite. !,batterie décharge beaucoup trop vite,negatif,2,fr
AV0868,2026-07-02,email,SmartPhone Y,"Je viens de recevoir le produit, à voir dans le temps. https://example.com/commande/868","je viens de recevoir le produit, à voir dans le temps.",venir recevoir produit voir temps,neutre,3,fr
AV0871,2026-06-26,email,Écouteurs AirSound,Très satisfait de mon achat 👍 https://example.com/commande/871,très satisfait de mon achat 👍,très satisfait achat,positif,5,fr
AV0877,2026-08-01,sav,SmartPhone X,"Produit reçu endommagé, je suis mécontent. https://example.com/commande/877","produit reçu endommagé, je suis mécontent.",produit recevoir endommagé mécontent,negatif,2,fr
AV0879,2026-06-01,mobile,Écouteurs AirSound,Livraison rapide et produit conforme à mes attentes. https://example.com/commande/879,livraison rapide et produit conforme à mes attentes.,livraison rapide produit conforme attente,positif,4,fr
AV0887,2026-04-27,sav,Écouteurs AirSound,La livraison a été très longue. https://example.com/commande/887,la livraison a été très longue.,livraison avoir très long,negatif,1,fr
AV0888,2026-03-13,réseaux_sociaux,Ordinateur NovaBook,très mauvais produit 😡😡 http://example.com @support #déception,très mauvais produit 😡😡 déception,très mauvais produit déception,positif,4,fr
AV0894,2026-02-04,web,Ordinateur NovaBook,Produit correct pour son prix. https://example.com/commande/894,produit correct pour son prix.,produit correct prix,neutre,3,fr
AV0897,2026-05-14,sav,Écouteurs AirSound,Livraison rapide et produit conforme à mes attentes. https://example.com/commande/897,livraison rapide et produit conforme à mes attentes.,livraison rapide produit conforme attente,positif,5,fr
AV0909,2026-03-11,sav,SmartPhone X,"Mauvaise expérience, je ne recommande pas.","mauvaise expérience, je ne recommande pas.",mauvais expérience ne recommander pas,negatif,2,fr
AV0910,2026-08-01,email,SmartPhone Y,La batterie tient vraiment bien et l'écran est superbe. https://example.com/commande/910,la batterie tient vraiment bien et l'écran est superbe.,batterie tenir vraiment bien superbe,positif,5,fr
AV0912,2026-08-20,réseaux_sociaux,SmartPhone Y,Très déçu par ce produit. https://example.com/commande/912,très déçu par ce produit.,très déçu produit,negatif,2,fr
AV0916,2026-08-16,web,SmartPhone X,Produit correct pour son prix. https://example.com/commande/916,produit correct pour son prix.,produit correct prix,neutre,3,fr
AV0922,2026-01-13,mobile,SmartPhone X,"Produit parfait, rien à signaler. https://example.com/commande/922","produit parfait, rien à signaler.",produit parfait rien signaler,positif,5,fr
AV0926,2026-03-21,sav,Écouteurs AirSound,"Très bon produit, la qualité est au rendez-vous. https://example.com/commande/926","très bon produit, la qualité est au rendez-vous.",très bon produit qualité,positif,5,fr
AV0928,2026-05-05,web,SmartPhone X,La batterie tient vraiment bien et l'écran est superbe. https://example.com/commande/928,la batterie tient vraiment bien et l'écran est superbe.,batterie tenir vraiment bien superbe,positif,5,fr
AV0929,2026-08-05,mobile,SmartWatch Pro,Excellent rapport qualité-prix. https://example.com/commande/929,excellent rapport qualité-prix.,excellent rapport,positif,5,fr
AV0935,2026-01-30,réseaux_sociaux,Tablette TabPlus,La qualité est correcte sans être exceptionnelle. https://example.com/commande/935,la qualité est correcte sans être exceptionnelle.,qualité correct sans être exceptionnel,neutre,3,fr
AV0937,2026-06-15,web,SmartPhone X,La batterie tient vraiment bien et l'écran est superbe. https://example.com/commande/937,la batterie tient vraiment bien et l'écran est superbe.,batterie tenir vraiment bien superbe,positif,5,fr
AV0939,2026-02-20,mobile,Ordinateur NovaBook,Service client réactif et commande reçue rapidement. https://example.com/commande/939,service client réactif et commande reçue rapidement.,service client réactif commande reçu rapidement,positif,5,fr
AV0946,2026-06-18,sav,SmartPhone Y,Livraison rapide et produit conforme à mes attentes. https://example.com/commande/946,livraison rapide et produit conforme à mes attentes.,livraison rapide produit conforme attente,positif,4,fr
AV0950,2026-06-30,email,SmartPhone X,"Produit excellent, je suis très satisfait. https://example.com/commande/950","produit excellent, je suis très satisfait.",produit excellent très satisfait,positif,4,FR
AV0953,2026-08-20,email,Tablette TabPlus,super produit!!!!!!!!!!!!!!!!!!!!!!!!,super produit!,super produit,positif,5,fr
AV0965,2026-03-19,sav,Ordinateur NovaBook,Service client réactif et commande reçue rapidement. https://example.com/commande/965,service client réactif et commande reçue rapidement.,service client réactif commande reçu rapidement,positif,5,fr
AV0970,2026-04-29,mobile,Ordinateur NovaBook,La qualité est correcte sans être exceptionnelle. #avis,la qualité est correcte sans être exceptionnelle. avis,qualité correct sans être exceptionnel avis,neutre,3,fr
AV0977,2026-08-25,email,Écouteurs AirSound,La qualité est correcte sans être exceptionnelle. https://example.com/commande/977,la qualité est correcte sans être exceptionnelle.,qualité correct sans être exceptionnel,neutre,3,fr
AV0990,2026-06-28,sav,SmartPhone X,La livraison a été très longue. 😊,la livraison a été très longue. 😊,livraison avoir très long,negatif,2,fr
AV0994,2026-01-15,email,Ordinateur NovaBook,@client Très déçu par ce produit.,très déçu par ce produit.,très déçu produit,negatif,1,fr
AV1003,2026-03-04,réseaux_sociaux,SmartPhone X,La livraison s'est déroulée normalement. https://example.com/commande/1003,la livraison s'est déroulée normalement.,livraison dérouler normalement,neutre,4,fr
AV1011,2026-02-15,mobile,Ordinateur NovaBook,L'utilisation est assez simple. https://example.com/commande/1011,l'utilisation est assez simple.,assez simple,neutre,4,fr
AV1024,2026-03-13,web,Ordinateur NovaBook,Qualité décevante pour ce prix. https://example.com/commande/1024,qualité décevante pour ce prix.,qualité décevant prix,negatif,1,fr
AV1028,2026-05-07,mobile,SmartPhone X,Le produit correspond globalement à la description. https://example.com/commande/1028,le produit correspond globalement à la description.,produit correspondre globalement description,neutre,4,fr
AV1030,2026-06-21,email,SmartPhone Y,"Produit excellent, je suis très satisfait. https://example.com/commande/1030","produit excellent, je suis très satisfait.",produit excellent très satisfait,positif,4,fr
AV1057,2026-08-18,email,Tablette TabPlus,"Très bonne expérience, simple et efficace. https://example.com/commande/1057","très bonne expérience, simple et efficace.",très bon expérience simple efficace,positif,5,fr
AV1058,2026-03-28,web,Ordinateur NovaBook,La qualité est correcte sans être exceptionnelle. https://example.com/commande/1058,la qualité est correcte sans être exceptionnelle.,qualité correct sans être exceptionnel,neutre,4,fr
AV1065,2026-07-09,sav,Écouteurs AirSound,La livraison a été très longue. https://example.com/commande/1065,la livraison a été très longue.,livraison avoir très long,negatif,1,fr
AV1067,2026-08-11,réseaux_sociaux,SmartWatch Pro,"Très bonne expérience, simple et efficace. https://example.com/commande/1067","très bonne expérience, simple et efficace.",très bon expérience simple efficace,positif,5,fr
AV1073,2026-01-31,email,Écouteurs AirSound,La livraison a été très longue.,la livraison a été très longue.,livraison avoir très long,negatif,2,fr
AV1074,2026-05-25,sav,SmartWatch Pro,"Mauvaise expérience, je ne recommande pas. https://example.com/commande/1074","mauvaise expérience, je ne recommande pas.",mauvais expérience ne recommander pas,negatif,1,fr
AV1077,2026-01-14,email,SmartWatch Pro,"Mauvaise expérience, je ne recommande pas. !!!","mauvaise expérience, je ne recommande pas. !",mauvais expérience ne recommander pas,negatif,1,fr
AV1080,2026-07-31,email,SmartWatch Pro,@client Produit correct pour son prix.,produit correct pour son prix.,produit correct prix,neutre,4,fr
AV1085,2026-08-23,web,SmartPhone X,Service client réactif et commande reçue rapidement. https://example.com/commande/1085,service client réactif et commande reçue rapidement.,service client réactif commande reçu rapidement,positif,4,fr
AV1101,2026-01-30,sav,SmartWatch Pro,Produit correct pour son prix. https://example.com/commande/1101,produit correct pour son prix.,produit correct prix,neutre,3,fr
AV1111,2026-06-23,web,SmartPhone Y,"Très bon produit, la qualité est au rendez-vous. https://example.com/commande/1111","très bon produit, la qualité est au rendez-vous.",très bon produit qualité,positif,4,fr
AV1113,2026-07-22,sav,SmartPhone Y,"Je viens de recevoir le produit, à voir dans le temps. https://example.com/commande/1113","je viens de recevoir le produit, à voir dans le temps.",venir recevoir produit voir temps,neutre,4,fr
AV1116,2026-03-22,sav,Écouteurs AirSound,Le service client n'a pas répondu à ma demande. https://example.com/commande/1116,le service client n'a pas répondu à ma demande.,service client avoir pas répondre demande,negatif,1,fr
AV1119,2026-06-18,réseaux_sociaux,Ordinateur NovaBook,La qualité est correcte sans être exceptionnelle. https://example.com/commande/1119,la qualité est correcte sans être exceptionnelle.,qualité correct sans être exceptionnel,neutre,4,fr
AV1142,2026-05-24,sav,Écouteurs AirSound,Excellent rapport qualité-prix. https://example.com/commande/1142,excellent rapport qualité-prix.,excellent rapport,positif,5,fr
AV1152,2026-05-02,email,SmartWatch Pro,@client La livraison s'est déroulée normalement.,la livraison s'est déroulée normalement.,livraison dérouler normalement,neutre,3,fr
AV1157,2026-07-08,sav,SmartWatch Pro,Excellent rapport qualité-prix. https://example.com/commande/1157,excellent rapport qualité-prix.,excellent rapport,positif,4,fr
AV1166,2026-02-20,email,Ordinateur NovaBook,"Très bon produit, la qualité est au rendez-vous. https://example.com/commande/1166","très bon produit, la qualité est au rendez-vous.",très bon produit qualité,positif,5,fr
AV1169,2026-01-31,mobile,Ordinateur NovaBook,La qualité est correcte sans être exceptionnelle. https://example.com/commande/1169,la qualité est correcte sans être exceptionnelle.,qualité correct sans être exceptionnel,neutre,3,fr
AV1170,2026-04-08,mobile,Écouteurs AirSound,"Très bonne expérience, simple et efficace. https://example.com/commande/1170","très bonne expérience, simple et efficace.",très bon expérience simple efficace,positif,5,fr
AV1173,2026-01-22,web,Écouteurs AirSound,La batterie tient vraiment bien et l'écran est superbe. https://example.com/commande/1173,la batterie tient vraiment bien et l'écran est superbe.,batterie tenir vraiment bien superbe,positif,5,fr
AV1186,2026-01-29,mobile,SmartPhone X,Excellent rapport qualité-prix. https://example.com/commande/1186,excellent rapport qualité-prix.,excellent rapport,positif,5,fr
AV1192,2026-06-10,email,Tablette TabPlus,L'utilisation est assez simple. https://example.com/commande/1192,l'utilisation est assez simple.,assez simple,neutre,4,fr
AV1193,2026-03-25,réseaux_sociaux,SmartPhone Y,Le produit correspond globalement à la description. https://example.com/commande/1193,le produit correspond globalement à la description.,produit correspondre globalement description,neutre,3,fr
